movie name,average rating
"Celebration, The (Festen) (1998)",4.458333333333333
Ran (1985),4.433333333333334
Secrets & Lies (1996),4.590909090909091
Guess Who's Coming to Dinner (1967),4.545454545454546
His Girl Friday (1940),4.392857142857143
"Shawshank Redemption, The (1994)",4.429022082018927
"Streetcar Named Desire, A (1951)",4.475
Paths of Glory (1957),4.541666666666667
